{"simdir": "/home/dc-pede1/rds/rds-dirac-dp132/emulator_768_09122019/sim_pair_14/sim_plus", "kF_Mpc": [14.91890761402066, 13.926354794365299, 13.143899029945521, 12.524505185656626, 12.046152309152927, 11.682336307567285, 11.400199425925532, 11.182127521091983, 10.996319075055473, 10.814067211875768, 10.603737368793864], "kmax_kF_Mpc": 15.0, "kF_zs": [4.5, 4.25, 4.0, 3.75, 3.5, 3.25, 3.0, 2.75, 2.5, 2.25, 2.0]}