{"simdir": "/home/dc-pede1/rds/rds-dirac-dp132/emulator_768_09122019/sim_pair_17/sim_plus", "kF_Mpc": [15.417593472442649, 14.455559793517635, 13.588969250247725, 12.798435555191286, 12.054985782281442, 11.34734461298377, 10.66926051319236, 10.013330556375934, 9.378176158322706, 8.78486852064695, 8.260796951901503], "kmax_kF_Mpc": 15.0, "kF_zs": [4.5, 4.25, 4.0, 3.75, 3.5, 3.25, 3.0, 2.75, 2.5, 2.25, 2.0]}