{"simdir": "/home/dc-pede1/rds/rds-dirac-dp132/emulator_768_09122019/sim_pair_20/sim_minus", "kF_Mpc": [13.6144661169435, 12.534473257699615, 11.644415946176823, 10.90888819366408, 10.299122621182333, 9.79256898180069, 9.354626708326858, 8.96882864684227, 8.609962708004867, 8.260702076697058, 7.916572698078508], "kmax_kF_Mpc": 15.0, "kF_zs": [4.5, 4.25, 4.0, 3.75, 3.5, 3.25, 3.0, 2.75, 2.5, 2.25, 2.0]}