{"simdir": "/share/rcifdata/chrisp/emulator_768_09122019/sim_pair_h/sim_plus", "kF_Mpc": [14.71677368359001, 13.676832689544506, 12.824862435730441, 12.127131381082378, 11.545020002020431, 11.053375201649327, 10.624535496484244, 10.251118527549197, 9.914046480168581, 9.583074771621815, 9.249176861677313], "kmax_kF_Mpc": 15, "kF_zs": [4.5, 4.25, 4.0, 3.75, 3.5, 3.25, 3.0, 2.75, 2.5, 2.25, 2.0]}