{"simdir": "/home/dc-pede1/rds/rds-dirac-dp132/emulator_768_09122019/sim_pair_30/sim_minus", "kF_Mpc": [14.758925795884899, 13.702826767601893, 12.863825190793245, 12.15854071665517, 11.581605617910135, 11.08951467837413, 10.661222447632836, 10.28340962886847, 9.934193591869372, 9.589366498030264, 9.246603543607874], "kmax_kF_Mpc": 15.0, "kF_zs": [4.5, 4.25, 4.0, 3.75, 3.5, 3.25, 3.0, 2.75, 2.5, 2.25, 2.0]}