{"simdir": "/home/dc-pede1/rds/rds-dirac-dp132/emulator_768_09122019/sim_pair_11/sim_minus", "kF_Mpc": [14.433163030814965, 13.17775399012509, 12.217560683479785, 11.447310789508792, 10.858638963281457, 10.407205042475486, 10.052867289179167, 9.782914561639416, 9.573964120252253, 9.390455482203647, 9.194460828227157], "kmax_kF_Mpc": 15.0, "kF_zs": [4.5, 4.25, 4.0, 3.75, 3.5, 3.25, 3.0, 2.75, 2.5, 2.25, 2.0]}