{"simdir": "/home/dc-pede1/rds/rds-dirac-dp132/emulator_768_09122019/sim_pair_18/sim_plus", "kF_Mpc": [15.097207905215019, 13.996292312109055, 13.106599491809348, 12.357995997293367, 11.73281036949347, 11.217309291279793, 10.771150466404798, 10.395854161164351, 10.071396179695649, 9.765272820063391, 9.451285922485255], "kmax_kF_Mpc": 15.0, "kF_zs": [4.5, 4.25, 4.0, 3.75, 3.5, 3.25, 3.0, 2.75, 2.5, 2.25, 2.0]}