{"simdir": "/home/dc-pede1/rds/rds-dirac-dp132/emulator_768_09122019/sim_pair_3/sim_plus", "kF_Mpc": [13.866277153737656, 12.97175409260208, 12.22433442019328, 11.600067222439282, 11.080035663602303, 10.635259525699187, 10.25030065999237, 9.90651326953, 9.575292640223935, 9.245612687497692, 8.908977135140972], "kmax_kF_Mpc": 15.0, "kF_zs": [4.5, 4.25, 4.0, 3.75, 3.5, 3.25, 3.0, 2.75, 2.5, 2.25, 2.0]}