{"simdir": "/home/dc-pede1/rds/rds-dirac-dp132/emulator_768_09122019/sim_pair_9/sim_minus", "kF_Mpc": [14.236690945384506, 13.165383230741773, 12.30818669972385, 11.624323665412373, 11.059626054986506, 10.595554333629211, 10.196048007164627, 9.846067004652491, 9.527739077696525, 9.213499681803972, 8.899976428921098], "kmax_kF_Mpc": 15.0, "kF_zs": [4.5, 4.25, 4.0, 3.75, 3.5, 3.25, 3.0, 2.75, 2.5, 2.25, 2.0]}