{"simdir": "/home/dc-pede1/rds/rds-dirac-dp132/emulator_768_09122019/sim_pair_6/sim_plus", "kF_Mpc": [17.58725988220324, 16.070637061242728, 14.81635088115596, 13.728069648895673, 12.772562444983114, 11.907411898509968, 11.112970432254578, 10.372768302649703, 9.680665983793562, 9.038992637675035, 8.464113905411173], "kmax_kF_Mpc": 15.0, "kF_zs": [4.5, 4.25, 4.0, 3.75, 3.5, 3.25, 3.0, 2.75, 2.5, 2.25, 2.0]}