{"simdir": "/home/dc-pede1/rds/rds-dirac-dp132/emulator_768_09122019/sim_pair_16/sim_plus", "kF_Mpc": [15.808125997443884, 14.67107874077269, 13.723409680318111, 12.898737045578544, 12.178282746100448, 11.550363039351625, 10.979515907871992, 10.462318333145381, 9.972663680128317, 9.499841568758454, 9.052001223443028], "kmax_kF_Mpc": 15.0, "kF_zs": [4.5, 4.25, 4.0, 3.75, 3.5, 3.25, 3.0, 2.75, 2.5, 2.25, 2.0]}