{"simdir": "/home/dc-pede1/rds/rds-dirac-dp132/emulator_768_09122019/sim_pair_26/sim_plus", "kF_Mpc": [15.40215708472558, 14.444957138053386, 13.669290321540705, 13.030223509924133, 12.539550785755095, 12.163684308366399, 11.86749220106376, 11.632439384914235, 11.432211001510437, 11.234549837929007, 11.01094490163304], "kmax_kF_Mpc": 15.0, "kF_zs": [4.5, 4.25, 4.0, 3.75, 3.5, 3.25, 3.0, 2.75, 2.5, 2.25, 2.0]}