{"simdir": "/home/dc-pede1/rds/rds-dirac-dp132/emulator_768_09122019/sim_pair_25/sim_plus", "kF_Mpc": [18.424266912814307, 16.875826420485186, 15.617127089756083, 14.541556048984923, 13.631696740447653, 12.841906870885792, 12.131531974637268, 11.507865136168249, 10.951525262514135, 10.440424598858137, 9.957958656407758], "kmax_kF_Mpc": 15.0, "kF_zs": [4.5, 4.25, 4.0, 3.75, 3.5, 3.25, 3.0, 2.75, 2.5, 2.25, 2.0]}