{"simdir": "/home/dc-pede1/rds/rds-dirac-dp132/emulator_768_09122019/sim_pair_13/sim_plus", "kF_Mpc": [14.922291453814514, 14.183065335875709, 13.532511924985984, 12.97749547102163, 12.507102143023529, 12.096713111295188, 11.728858062798182, 11.396735101289304, 11.082224891223605, 10.76130143925914, 10.422709517356061], "kmax_kF_Mpc": 15.0, "kF_zs": [4.5, 4.25, 4.0, 3.75, 3.5, 3.25, 3.0, 2.75, 2.5, 2.25, 2.0]}