{"simdir": "/home/dc-pede1/rds/rds-dirac-dp132/emulator_768_09122019/sim_pair_22/sim_plus", "kF_Mpc": [17.187826238268478, 15.619044311499865, 14.330482737764166, 13.243375730830632, 12.314502326610521, 11.490379713238175, 10.750247021916957, 10.06984892484819, 9.441299951799978, 8.85709547017793, 8.327644983388376], "kmax_kF_Mpc": 15.0, "kF_zs": [4.5, 4.25, 4.0, 3.75, 3.5, 3.25, 3.0, 2.75, 2.5, 2.25, 2.0]}