{"simdir": "/home/dc-pede1/rds/rds-dirac-dp132/emulator_768_09122019/sim_pair_7/sim_plus", "kF_Mpc": [13.634976794965429, 12.862838959945956, 12.236185702616906, 11.72576450419128, 11.318329880145004, 11.00410051970215, 10.750510464142542, 10.536474441786053, 10.34039721795745, 10.132925965741576, 9.89252169208957], "kmax_kF_Mpc": 15.0, "kF_zs": [4.5, 4.25, 4.0, 3.75, 3.5, 3.25, 3.0, 2.75, 2.5, 2.25, 2.0]}