{"simdir": "/home/dc-pede1/rds/rds-dirac-dp132/emulator_768_09122019/sim_pair_30/sim_plus", "kF_Mpc": [14.717446246557959, 13.673660486453214, 12.818578788579421, 12.117345766539511, 11.533284233303956, 11.03908380152649, 10.608453910203963, 10.232858904416613, 9.893365337406111, 9.559723015675218, 9.222680998627755], "kmax_kF_Mpc": 15.0, "kF_zs": [4.5, 4.25, 4.0, 3.75, 3.5, 3.25, 3.0, 2.75, 2.5, 2.25, 2.0]}