{"simdir": "/home/dc-pede1/rds/rds-dirac-dp132/emulator_768_09122019/sim_pair_14/sim_minus", "kF_Mpc": [14.981576144344888, 13.991771483355752, 13.20930475414902, 12.590776187756592, 12.117152395136708, 11.753777311417842, 11.468905268765196, 11.238706290189347, 11.039760886458472, 10.845436867144802, 10.626522926602494], "kmax_kF_Mpc": 15.0, "kF_zs": [4.5, 4.25, 4.0, 3.75, 3.5, 3.25, 3.0, 2.75, 2.5, 2.25, 2.0]}