{"simdir": "/home/dc-pede1/rds/rds-dirac-dp132/emulator_768_09122019/sim_pair_25/sim_minus", "kF_Mpc": [18.480117599826478, 16.921659806827687, 15.652665882032924, 14.609147930245909, 13.69650645242605, 12.905142309934908, 12.200907195380733, 11.577415215159313, 11.011664491602758, 10.487754578980658, 9.995381806644138], "kmax_kF_Mpc": 15.0, "kF_zs": [4.5, 4.25, 4.0, 3.75, 3.5, 3.25, 3.0, 2.75, 2.5, 2.25, 2.0]}