{"simdir": "/home/dc-pede1/rds/rds-dirac-dp132/emulator_768_09122019/sim_pair_21/sim_plus", "kF_Mpc": [15.169103242601764, 14.14267985563984, 13.289466398708385, 12.586666181816133, 11.985004645365159, 11.482702292776617, 11.048364881591073, 10.665189738942837, 10.315941167143427, 9.972759934511414, 9.628239964894368], "kmax_kF_Mpc": 15.0, "kF_zs": [4.5, 4.25, 4.0, 3.75, 3.5, 3.25, 3.0, 2.75, 2.5, 2.25, 2.0]}