{"simdir": "/home/dc-pede1/rds/rds-dirac-dp132/emulator_768_09122019/sim_pair_8/sim_minus", "kF_Mpc": [15.365716961348733, 14.3983591957474, 13.51658987111132, 12.718890997390512, 11.970848624416837, 11.263435199929894, 10.58295114472233, 9.925817118835226, 9.29510703476578, 8.710449351889467, 8.19287000876033], "kmax_kF_Mpc": 15.0, "kF_zs": [4.5, 4.25, 4.0, 3.75, 3.5, 3.25, 3.0, 2.75, 2.5, 2.25, 2.0]}