{"simdir": "/home/dc-pede1/rds/rds-dirac-dp132/emulator_768_09122019/sim_pair_27/sim_minus", "kF_Mpc": [13.324121633502061, 12.199652095244657, 11.354384483367891, 10.721372098410376, 10.258581181615634, 9.924684673421854, 9.683185243320331, 9.517269632503368, 9.397643698530207, 9.285528086855377, 9.147306216777906], "kmax_kF_Mpc": 15.0, "kF_zs": [4.5, 4.25, 4.0, 3.75, 3.5, 3.25, 3.0, 2.75, 2.5, 2.25, 2.0]}