{"simdir": "/home/dc-pede1/rds/rds-dirac-dp132/emulator_768_09122019/sim_pair_8/sim_plus", "kF_Mpc": [15.298239354945084, 14.327738663274015, 13.452865244773209, 12.646374363561538, 11.898501680807613, 11.193498573483028, 10.52324780260815, 9.878857289960965, 9.258689410417277, 8.682678540002636, 8.173286100989493], "kmax_kF_Mpc": 15.0, "kF_zs": [4.5, 4.25, 4.0, 3.75, 3.5, 3.25, 3.0, 2.75, 2.5, 2.25, 2.0]}