{"simdir": "/home/dc-pede1/rds/rds-dirac-dp132/emulator_768_09122019/sim_pair_28/sim_plus", "kF_Mpc": [17.3152272433749, 15.37900466430433, 13.973628557045139, 12.937935749422792, 12.169962717335315, 11.61454906048444, 11.21248978291639, 10.938972513687457, 10.776470352546385, 10.692176457207848, 10.634695176377308], "kmax_kF_Mpc": 15.0, "kF_zs": [4.5, 4.25, 4.0, 3.75, 3.5, 3.25, 3.0, 2.75, 2.5, 2.25, 2.0]}