{"simdir": "/home/dc-pede1/rds/rds-dirac-dp132/emulator_768_09122019/sim_pair_4/sim_plus", "kF_Mpc": [13.346803490944023, 12.535095059973122, 11.876191153160871, 11.340796366298322, 10.900251551257346, 10.541042228404457, 10.242657437347717, 9.99058117526008, 9.764701347698168, 9.530969451466378, 9.281293268100029], "kmax_kF_Mpc": 15.0, "kF_zs": [4.5, 4.25, 4.0, 3.75, 3.5, 3.25, 3.0, 2.75, 2.5, 2.25, 2.0]}