{"simdir": "/home/dc-pede1/rds/rds-dirac-dp132/emulator_768_09122019/sim_pair_19/sim_plus", "kF_Mpc": [15.962752966455094, 14.456950947422195, 13.275317292124413, 12.347075301227868, 11.609539353461901, 11.010824319169512, 10.508025905744477, 10.084391439376153, 9.716683044311942, 9.378174601753944, 9.043919639633316], "kmax_kF_Mpc": 15.0, "kF_zs": [4.5, 4.25, 4.0, 3.75, 3.5, 3.25, 3.0, 2.75, 2.5, 2.25, 2.0]}