{"simdir": "/home/dc-pede1/rds/rds-dirac-dp132/emulator_768_09122019/sim_pair_7/sim_minus", "kF_Mpc": [13.690136950122008, 12.913322979867376, 12.286655969522258, 11.783094220609915, 11.378226834885362, 11.06105387513475, 10.79908560681879, 10.57817201335835, 10.372898895980288, 10.157887211160972, 9.910412813243315], "kmax_kF_Mpc": 15.0, "kF_zs": [4.5, 4.25, 4.0, 3.75, 3.5, 3.25, 3.0, 2.75, 2.5, 2.25, 2.0]}