{"simdir": "/home/dc-pede1/rds/rds-dirac-dp132/emulator_768_09122019/sim_pair_4/sim_minus", "kF_Mpc": [13.368243861077955, 12.558068339597941, 11.913607857213801, 11.376107674658964, 10.945183053437681, 10.59035271809356, 10.29124852699279, 10.037486599681998, 9.801568291314846, 9.55991722439073, 9.304281877473326], "kmax_kF_Mpc": 15.0, "kF_zs": [4.5, 4.25, 4.0, 3.75, 3.5, 3.25, 3.0, 2.75, 2.5, 2.25, 2.0]}