{"simdir": "/home/dc-pede1/rds/rds-dirac-dp132/emulator_768_09122019/sim_pair_2/sim_minus", "kF_Mpc": [13.701997666695096, 12.853622136105981, 12.134196968555132, 11.507905711695962, 10.96413069424059, 10.47719090330207, 10.031363206435152, 9.615171114949748, 9.210656914366647, 8.813631379733875, 8.42572399727119], "kmax_kF_Mpc": 15.0, "kF_zs": [4.5, 4.25, 4.0, 3.75, 3.5, 3.25, 3.0, 2.75, 2.5, 2.25, 2.0]}