{"simdir": "/home/dc-pede1/rds/rds-dirac-dp132/emulator_768_09122019/sim_pair_18/sim_minus", "kF_Mpc": [15.104789863433634, 14.021630879047754, 13.122228531713128, 12.37931195752341, 11.765440558151594, 11.252628652156769, 10.810987183357645, 10.440634034581416, 10.114612868192449, 9.799027434953777, 9.48078302715473], "kmax_kF_Mpc": 15.0, "kF_zs": [4.5, 4.25, 4.0, 3.75, 3.5, 3.25, 3.0, 2.75, 2.5, 2.25, 2.0]}