{"simdir": "/share/rcifdata/chrisp/emulator_768_09122019/nu_sim/sim_plus", "kF_Mpc": [14.776053561754539, 13.76725333186375, 12.933238747509975, 12.244932874993037, 11.67239186439089, 11.180513661228547, 10.749282654033927, 10.370003024159582, 10.022875468694783, 9.678196923846686, 9.330340187961346], "kmax_kF_Mpc": 15, "kF_zs": [4.5, 4.25, 4.0, 3.75, 3.5, 3.25, 3.0, 2.75, 2.5, 2.25, 2.0]}