{"simdir": "/home/dc-pede1/rds/rds-dirac-dp132/emulator_768_09122019/sim_pair_0/sim_minus", "kF_Mpc": [14.217693118287574, 13.197988292062195, 12.402018894390377, 11.77550966424441, 11.285495920999706, 10.9025269547597, 10.595118736199804, 10.349504774919309, 10.136070776895226, 9.921805868406269, 9.693161197674486], "kmax_kF_Mpc": 15.0, "kF_zs": [4.5, 4.25, 4.0, 3.75, 3.5, 3.25, 3.0, 2.75, 2.5, 2.25, 2.0]}