{"simdir": "/home/dc-pede1/rds/rds-dirac-dp132/emulator_768_09122019/sim_pair_26/sim_minus", "kF_Mpc": [15.485480072417875, 14.520348229366318, 13.733361866038496, 13.116881258704742, 12.622993470575341, 12.244087255961064, 11.942763680422477, 11.695355883950842, 11.481146862752977, 11.273862961823694, 11.0450041209627], "kmax_kF_Mpc": 15.0, "kF_zs": [4.5, 4.25, 4.0, 3.75, 3.5, 3.25, 3.0, 2.75, 2.5, 2.25, 2.0]}