{"simdir": "/home/dc-pede1/rds/rds-dirac-dp132/emulator_768_09122019/sim_pair_23/sim_minus", "kF_Mpc": [15.491180459672638, 14.567342660489507, 13.732975236636836, 12.962212841124577, 12.234432152739616, 11.545252017351102, 10.883170097754954, 10.251781165923795, 9.648708619775224, 9.083355864484046, 8.57406869011014], "kmax_kF_Mpc": 15.0, "kF_zs": [4.5, 4.25, 4.0, 3.75, 3.5, 3.25, 3.0, 2.75, 2.5, 2.25, 2.0]}