{"simdir": "/home/dc-pede1/rds/rds-dirac-dp132/emulator_768_09122019/sim_pair_23/sim_plus", "kF_Mpc": [15.413352359924728, 14.501124015246422, 13.663197275899618, 12.886285516301502, 12.156782716157288, 11.469175425475035, 10.820188663512763, 10.196781937114006, 9.603203857876997, 9.046978584531852, 8.547489270023972], "kmax_kF_Mpc": 15.0, "kF_zs": [4.5, 4.25, 4.0, 3.75, 3.5, 3.25, 3.0, 2.75, 2.5, 2.25, 2.0]}