{"simdir": "/home/dc-pede1/rds/rds-dirac-dp132/emulator_768_09122019/sim_pair_3/sim_minus", "kF_Mpc": [13.911288538411032, 13.014081203901078, 12.272868335264684, 11.652860539747854, 11.13129783813662, 10.688886357249956, 10.299240748533686, 9.94462607423374, 9.60641373523897, 9.26791103424036, 8.924554028310846], "kmax_kF_Mpc": 15.0, "kF_zs": [4.5, 4.25, 4.0, 3.75, 3.5, 3.25, 3.0, 2.75, 2.5, 2.25, 2.0]}