{"simdir": "/home/dc-pede1/rds/rds-dirac-dp132/emulator_768_09122019/sim_pair_27/sim_plus", "kF_Mpc": [13.300040047565648, 12.173712180755459, 11.342128604546376, 10.697743212155569, 10.230434363075847, 9.889989805313794, 9.646025345842512, 9.477928424420952, 9.360712102531782, 9.254188513588733, 9.127615080815103], "kmax_kF_Mpc": 15.0, "kF_zs": [4.5, 4.25, 4.0, 3.75, 3.5, 3.25, 3.0, 2.75, 2.5, 2.25, 2.0]}