{"simdir": "/home/dc-pede1/rds/rds-dirac-dp132/emulator_768_09122019/sim_pair_29/sim_plus", "kF_Mpc": [15.904186713284764, 14.579348487189549, 13.438024110606372, 12.444323563454034, 11.560169672154855, 10.769846482289505, 10.04101656905605, 9.367549033968293, 8.736294471610812, 8.15905129712968, 8.159051353885303], "kmax_kF_Mpc": 15.0, "kF_zs": [4.5, 4.25, 4.0, 3.75, 3.5, 3.25, 3.0, 2.75, 2.5, 2.25, 2.0]}