{"simdir": "/home/dc-pede1/rds/rds-dirac-dp132/emulator_768_09122019/sim_pair_24/sim_minus", "kF_Mpc": [13.206443593467148, 12.581141670456441, 12.05827221183829, 11.635642783214779, 11.294311756427078, 11.02869611783745, 10.81323200499011, 10.632952191467384, 10.472434896593917, 10.297825786821331, 10.091480517201209], "kmax_kF_Mpc": 15.0, "kF_zs": [4.5, 4.25, 4.0, 3.75, 3.5, 3.25, 3.0, 2.75, 2.5, 2.25, 2.0]}