{"simdir": "/home/dc-pede1/rds/rds-dirac-dp132/emulator_768_09122019/sim_pair_10/sim_plus", "kF_Mpc": [13.993131356232798, 12.85344455806003, 11.968397479397424, 11.275114367382209, 10.735324383840561, 10.324209927976066, 10.003152065587784, 9.760389078737992, 9.570952386899913, 9.400842265720616, 9.219708137940335], "kmax_kF_Mpc": 15.0, "kF_zs": [4.5, 4.25, 4.0, 3.75, 3.5, 3.25, 3.0, 2.75, 2.5, 2.25, 2.0]}