{"simdir": "/home/dc-pede1/rds/rds-dirac-dp132/emulator_768_09122019/sim_pair_16/sim_minus", "kF_Mpc": [15.86442473309777, 14.741012158677128, 13.788684705781439, 12.960003693925623, 12.248016809366028, 11.609205219188286, 11.041995228051979, 10.518057667328758, 10.01356111609022, 9.533038990940334, 9.078418530888328], "kmax_kF_Mpc": 15.0, "kF_zs": [4.5, 4.25, 4.0, 3.75, 3.5, 3.25, 3.0, 2.75, 2.5, 2.25, 2.0]}