{"simdir": "/home/dc-pede1/rds/rds-dirac-dp132/emulator_768_09122019/sim_pair_17/sim_minus", "kF_Mpc": [15.492904275819354, 14.523990514020944, 13.659643776083096, 12.868189061767243, 12.122913679496278, 11.411636189696802, 10.722698342085774, 10.052085358494342, 9.407532992743361, 8.80624853166722, 8.275657348694345], "kmax_kF_Mpc": 15.0, "kF_zs": [4.5, 4.25, 4.0, 3.75, 3.5, 3.25, 3.0, 2.75, 2.5, 2.25, 2.0]}