{"simdir": "/home/dc-pede1/rds/rds-dirac-dp132/emulator_768_09122019/sim_pair_2/sim_plus", "kF_Mpc": [13.668001009815011, 12.817244658478586, 12.090331961965916, 11.464415502558618, 10.91251814726946, 10.427282122857104, 9.98094546827793, 9.571192783477034, 9.173317953785682, 8.780608570231214, 8.398919679415798], "kmax_kF_Mpc": 15.0, "kF_zs": [4.5, 4.25, 4.0, 3.75, 3.5, 3.25, 3.0, 2.75, 2.5, 2.25, 2.0]}