{"simdir": "/home/dc-pede1/rds/rds-dirac-dp132/emulator_768_09122019/sim_pair_15/sim_plus", "kF_Mpc": [15.151106402028043, 13.945059517814288, 12.977938176572108, 12.22216311086514, 11.628558495062675, 11.16666462643777, 10.804786068637831, 10.530683576196724, 10.320857977719015, 10.139810360404306, 9.943719997481809], "kmax_kF_Mpc": 15.0, "kF_zs": [4.5, 4.25, 4.0, 3.75, 3.5, 3.25, 3.0, 2.75, 2.5, 2.25, 2.0]}