{"simdir": "/home/dc-pede1/rds/rds-dirac-dp132/emulator_768_09122019/sim_pair_6/sim_minus", "kF_Mpc": [17.646442558129625, 16.144468058788732, 14.87332329171895, 13.802746101361949, 12.841216349079842, 11.979775828343849, 11.17821300701178, 10.433423865025802, 9.729853207660767, 9.075011102592844, 8.49122634437441], "kmax_kF_Mpc": 15.0, "kF_zs": [4.5, 4.25, 4.0, 3.75, 3.5, 3.25, 3.0, 2.75, 2.5, 2.25, 2.0]}