{"simdir": "/home/dc-pede1/rds/rds-dirac-dp132/emulator_768_09122019/sim_pair_10/sim_minus", "kF_Mpc": [14.013073316892802, 12.87931366485623, 11.9926033734403, 11.30028035839, 10.769179936629618, 10.35966550133197, 10.044529862408393, 9.80361384416636, 9.61371005156471, 9.436698801749818, 9.24570852045238], "kmax_kF_Mpc": 15.0, "kF_zs": [4.5, 4.25, 4.0, 3.75, 3.5, 3.25, 3.0, 2.75, 2.5, 2.25, 2.0]}