{"simdir": "/home/dc-pede1/rds/rds-dirac-dp132/emulator_768_09122019/sim_pair_20/sim_plus", "kF_Mpc": [13.597838384581358, 12.516429285520664, 11.627370075973932, 10.888563470896203, 10.271787223119315, 9.762279704490192, 9.31741236555852, 8.929813324065757, 8.572766354030412, 8.229097401248305, 7.892053572947325], "kmax_kF_Mpc": 15.0, "kF_zs": [4.5, 4.25, 4.0, 3.75, 3.5, 3.25, 3.0, 2.75, 2.5, 2.25, 2.0]}