{"simdir": "/home/dc-pede1/rds/rds-dirac-dp132/emulator_768_09122019/sim_pair_19/sim_minus", "kF_Mpc": [16.00217510090685, 14.489546318908767, 13.30915444124496, 12.38098876448827, 11.648645368971387, 11.051977654822048, 10.55383918580072, 10.131636123050349, 9.760430520928608, 9.411002949017647, 9.068870567914292], "kmax_kF_Mpc": 15.0, "kF_zs": [4.5, 4.25, 4.0, 3.75, 3.5, 3.25, 3.0, 2.75, 2.5, 2.25, 2.0]}