{"simdir": "/home/dc-pede1/rds/rds-dirac-dp132/emulator_768_09122019/sim_pair_9/sim_plus", "kF_Mpc": [14.205810194349565, 13.137533590504331, 12.28246697732123, 11.584409752087447, 11.020736464141466, 10.551018716389637, 10.148597539608158, 9.799943290346423, 9.48761355186327, 9.183174767627532, 8.877459844779532], "kmax_kF_Mpc": 15.0, "kF_zs": [4.5, 4.25, 4.0, 3.75, 3.5, 3.25, 3.0, 2.75, 2.5, 2.25, 2.0]}