{"simdir": "/home/dc-pede1/rds/rds-dirac-dp132/emulator_768_09122019/sim_pair_0/sim_plus", "kF_Mpc": [14.166040781848233, 13.157714245369418, 12.358197010716268, 11.729825496655836, 11.241586719667357, 10.853337961731224, 10.542545226337186, 10.30121936205598, 10.099864201498463, 9.897402264443478, 9.677066583737195], "kmax_kF_Mpc": 15.0, "kF_zs": [4.5, 4.25, 4.0, 3.75, 3.5, 3.25, 3.0, 2.75, 2.5, 2.25, 2.0]}