{"simdir": "/home/dc-pede1/rds/rds-dirac-dp132/emulator_768_09122019/sim_pair_22/sim_minus", "kF_Mpc": [17.215663057546536, 15.650305304462472, 14.355830412460943, 13.274024925979957, 12.345005714988401, 11.530041487919933, 10.792690023889058, 10.114328029421522, 9.48480114390984, 8.897221927827161, 8.359397522174753], "kmax_kF_Mpc": 15.0, "kF_zs": [4.5, 4.25, 4.0, 3.75, 3.5, 3.25, 3.0, 2.75, 2.5, 2.25, 2.0]}