{"simdir": "/home/dc-pede1/rds/rds-dirac-dp132/emulator_768_09122019/sim_pair_28/sim_minus", "kF_Mpc": [17.353810670910672, 15.419638422482159, 14.007043515625426, 12.956933018948845, 12.19505810197818, 11.650104873489559, 11.250958450603237, 10.988092217827138, 10.82557746074377, 10.737994602193575, 10.671970103906354], "kmax_kF_Mpc": 15.0, "kF_zs": [4.5, 4.25, 4.0, 3.75, 3.5, 3.25, 3.0, 2.75, 2.5, 2.25, 2.0]}