{"simdir": "/home/dc-pede1/rds/rds-dirac-dp132/emulator_768_09122019/sim_pair_5/sim_minus", "kF_Mpc": [14.632566578437887, 13.351171086121218, 12.333928367628328, 11.478753292406186, 10.768485156804825, 10.16207135922305, 9.628869516200245, 9.160942826550425, 8.738999036959052, 8.34816507153858, 7.97951614087459], "kmax_kF_Mpc": 15.0, "kF_zs": [4.5, 4.25, 4.0, 3.75, 3.5, 3.25, 3.0, 2.75, 2.5, 2.25, 2.0]}