{"simdir": "/home/dc-pede1/rds/rds-dirac-dp132/emulator_768_09122019/sim_pair_5/sim_plus", "kF_Mpc": [14.59975779719219, 13.345905115513249, 12.314981111265986, 11.457001414703797, 10.743073926865296, 10.126868344996202, 9.592476656727445, 9.1206905475855, 8.698514823494623, 8.30972002817343, 7.949949905676894], "kmax_kF_Mpc": 15.0, "kF_zs": [4.5, 4.25, 4.0, 3.75, 3.5, 3.25, 3.0, 2.75, 2.5, 2.25, 2.0]}