{"simdir": "/share/rcifdata/chrisp/emulator_768_09122019/sim_pair_h/sim_minus", "kF_Mpc": [14.756749655919606, 13.706172739003605, 12.87039896267292, 12.16743084119244, 11.592218574633083, 11.101346911284002, 10.674285532621962, 10.297864833937734, 9.950161184040013, 9.607230288858696, 9.267076630908372], "kmax_kF_Mpc": 15, "kF_zs": [4.5, 4.25, 4.0, 3.75, 3.5, 3.25, 3.0, 2.75, 2.5, 2.25, 2.0]}