{"simdir": "/home/dc-pede1/rds/rds-dirac-dp132/emulator_768_09122019/sim_pair_12/sim_plus", "kF_Mpc": [16.622458858919693, 15.417133377681507, 14.412547292560093, 13.564469962010403, 12.841839701829102, 12.233077889546403, 11.69993961777938, 11.245297189303956, 10.83323994230952, 10.43074501779976, 10.03356416982122], "kmax_kF_Mpc": 15.0, "kF_zs": [4.5, 4.25, 4.0, 3.75, 3.5, 3.25, 3.0, 2.75, 2.5, 2.25, 2.0]}