{"simdir": "/home/dc-pede1/rds/rds-dirac-dp132/emulator_768_09122019/sim_pair_21/sim_minus", "kF_Mpc": [15.218171938796543, 14.188615098437392, 13.339929034610822, 12.640824273341348, 12.04219829181532, 11.545617740142417, 11.105177463592632, 10.71987915609513, 10.35984130072544, 10.008982814862497, 9.657894169967413], "kmax_kF_Mpc": 15.0, "kF_zs": [4.5, 4.25, 4.0, 3.75, 3.5, 3.25, 3.0, 2.75, 2.5, 2.25, 2.0]}