{"simdir": "/home/dc-pede1/rds/rds-dirac-dp132/emulator_768_09122019/sim_pair_15/sim_minus", "kF_Mpc": [15.199280188507542, 13.975882880188903, 13.021275632592973, 12.253568446010995, 11.667977547220724, 11.206630694404854, 10.849062663238602, 10.578541391703071, 10.367532255949898, 10.17596420062319, 9.97237864664871], "kmax_kF_Mpc": 15.0, "kF_zs": [4.5, 4.25, 4.0, 3.75, 3.5, 3.25, 3.0, 2.75, 2.5, 2.25, 2.0]}