{"simdir": "/home/dc-pede1/rds/rds-dirac-dp132/emulator_768_09122019/sim_pair_1/sim_plus", "kF_Mpc": [18.160421935896615, 16.7472947987794, 15.559429756725642, 14.543059674898949, 13.677324026108414, 12.924641055386667, 12.263427381047398, 11.66416486994067, 11.114222636464522, 10.5906304852526, 10.085299437350551], "kmax_kF_Mpc": 15.0, "kF_zs": [4.5, 4.25, 4.0, 3.75, 3.5, 3.25, 3.0, 2.75, 2.5, 2.25, 2.00000000003]}