{
    "nyx_12": 0.8487790952438171,
    "nyx_11": 0.4781868719689743,
    "nyx_9": 0.7354352133536897,
    "nyx_0": 0.19976134544420088,
    "nyx_3": 0.9120391586424533,
    "nyx_central": 0.0,
    "nyx_13": 0.8468468989431717,
    "nyx_1": 0.8741442119422639,
    "nyx_7": 1.2193690293154473,
    "nyx_16": NaN,
    "nyx_seed": 0.7199530935709245,
    "nyx_4": 0.7019094814417451,
    "nyx_17": NaN,
    "nyx_15": NaN,
    "nyx_10": 0.7570544449640508,
    "nyx_wdm": 0.38474872640093427,
    "nyx_2": 0.6593684123033008,
    "nyx_5": 0.40546682386486305,
    "nyx_6": 0.4864716449682305,
    "nyx_8": 0.6002468596915006
}