{
    "mpg_curved": 0.021429823922273755,
    "mpg_2": 0.6693008207479366,
    "mpg_25": 0.9490503396238478,
    "mpg_13": 0.9958652349320338,
    "mpg_8": 0.6279256278953644,
    "mpg_18": 1.0807677647324,
    "mpg_growth": 0.015046932082086824,
    "mpg_14": 1.136393455012086,
    "mpg_17": 0.6629682036321781,
    "mpg_15": 0.39499263265524126,
    "mpg_1": 0.5248772252922564,
    "mpg_neutrinos": 0.04574273467040171,
    "mpg_16": 0.3951709821680723,
    "mpg_28": 1.2402690859168137,
    "mpg_central": 0.0,
    "mpg_29": 1.1953808151964511,
    "mpg_10": 0.5141590554595118,
    "mpg_19": 0.4918722959301434,
    "mpg_21": 0.6074099216943172,
    "mpg_seed": 0.006530450163938471,
    "mpg_20": 0.9204504106872077,
    "mpg_26": 1.2350863427836123,
    "mpg_0": 0.6960290775765882,
    "mpg_6": 0.5648559160092197,
    "mpg_9": 0.4662038854108594,
    "mpg_5": 1.0060490376765476,
    "mpg_reio": 0.3189461932675771,
    "mpg_22": 1.044617557645865,
    "mpg_4": 0.6535748908265393,
    "mpg_running": 0.00873527872915861,
    "mpg_11": 0.6428571358060995,
    "mpg_7": 0.8121784355272047,
    "mpg_3": 0.6869089734599441,
    "mpg_27": 0.8879949143506812,
    "mpg_23": 0.9479166668973467,
    "mpg_24": 1.0191817733158883,
    "mpg_12": 0.5023781423810346
}