{"simdir": "/home/dc-pede1/rds/rds-dirac-dp132/emulator_768_09122019/sim_pair_1/sim_minus", "kF_Mpc": [18.23006872471835, 16.835779891336937, 15.623407345488607, 14.625259160919637, 13.750715318100106, 13.00903410999462, 12.342344983094687, 11.738217137252166, 11.176758264189992, 10.635278176649727, 10.119138649297954], "kmax_kF_Mpc": 15.0, "kF_zs": [4.5, 4.25, 4.0, 3.75, 3.5, 3.25, 3.0, 2.75, 2.5, 2.25, 2.0]}