{"simdir": "/share/rcifdata/chrisp/emulator_768_09122019/nu_sim/sim_minus", "kF_Mpc": [14.815491514681623, 13.801672564511605, 12.975109749519756, 12.292199693138162, 11.718568469949819, 11.232341321071534, 10.80084169430223, 10.415438422048718, 10.057820877902971, 9.703360663543041, 9.348386420230119], "kmax_kF_Mpc": 15, "kF_zs": [4.5, 4.25, 4.0, 3.75, 3.5, 3.25, 3.0, 2.75, 2.5, 2.25, 2.0]}