{"simdir": "/home/dc-pede1/rds/rds-dirac-dp132/emulator_768_09122019/sim_pair_11/sim_plus", "kF_Mpc": [14.406173535050142, 13.162391100898345, 12.189777363709908, 11.427154241939665, 10.835295700186046, 10.374238863876181, 10.017175851826218, 9.741894352784684, 9.53278421697368, 9.349851507280256, 9.163474331471807], "kmax_kF_Mpc": 15.0, "kF_zs": [4.5, 4.25, 4.0, 3.75, 3.5, 3.25, 3.0, 2.75, 2.5, 2.25, 2.0]}