{"simdir": "/home/dc-pede1/rds/rds-dirac-dp132/emulator_768_09122019/sim_pair_29/sim_minus", "kF_Mpc": [15.976389792213176, 14.631751061657189, 13.493198247747216, 12.505117277342594, 11.626112864331565, 10.832735301129071, 10.101334422990565, 9.419618411269374, 8.777055140447878, 8.193407331612873, 7.687263658711913], "kmax_kF_Mpc": 15.0, "kF_zs": [4.5, 4.25, 4.0, 3.75, 3.5, 3.25, 3.0, 2.75, 2.5, 2.25, 2.0]}