{"simdir": "/home/dc-pede1/rds/rds-dirac-dp132/emulator_768_09122019/sim_pair_13/sim_minus", "kF_Mpc": [14.98939891192721, 14.242089740981694, 13.593601312110248, 13.044261086269367, 12.577558192681051, 12.168089353320513, 11.792262360269355, 11.451243465826156, 11.124610492544688, 10.798714550933706, 10.454001794393347], "kmax_kF_Mpc": 15.0, "kF_zs": [4.5, 4.25, 4.0, 3.75, 3.5, 3.25, 3.0, 2.75, 2.5, 2.25, 2.0]}