{"simdir": "/home/dc-pede1/rds/rds-dirac-dp132/emulator_768_09122019/sim_pair_24/sim_plus", "kF_Mpc": [13.184407309326142, 12.541300075415235, 12.025083394523485, 11.591860842153714, 11.247414004397385, 10.978880388153492, 10.762383673755185, 10.589311164877879, 10.433078736107145, 10.265072487718367, 10.06175962312086], "kmax_kF_Mpc": 15.0, "kF_zs": [4.5, 4.25, 4.0, 3.75, 3.5, 3.25, 3.0, 2.75, 2.5, 2.25, 2.0]}