{"simdir": "/home/dc-pede1/rds/rds-dirac-dp132/emulator_768_09122019/sim_pair_12/sim_minus", "kF_Mpc": [16.702303292803084, 15.481057298835625, 14.488856803706698, 13.631202689914685, 12.920655608739839, 12.303109109094454, 11.77399872285726, 11.311502202686691, 10.883442944657128, 10.469520363663223, 10.065293950088957], "kmax_kF_Mpc": 15.0, "kF_zs": [4.5, 4.25, 4.0, 3.75, 3.5, 3.25, 3.0, 2.75, 2.5, 2.25, 2.0]}